[{"model": "admin.logentry", "pk": 1, "fields": {"action_time": "2020-10-25T23:18:13.909Z", "user": 1, "content_type": 7, "object_id": "1", "object_repr": "Hello Django", "action_flag": 1, "change_message": "[{\"added\": {}}]"}}, {"model": "admin.logentry", "pk": 2, "fields": {"action_time": "2020-10-25T23:20:01.194Z", "user": 1, "content_type": 7, "object_id": "1", "object_repr": "Hello Django", "action_flag": 2, "change_message": "[{\"changed\": {\"fields\": [\"photo\"]}}]"}}, {"model": "admin.logentry", "pk": 3, "fields": {"action_time": "2020-10-25T23:23:15.518Z", "user": 1, "content_type": 7, "object_id": "1", "object_repr": "Hello Django", "action_flag": 2, "change_message": "[{\"changed\": {\"fields\": [\"photo\"]}}]"}}, {"model": "admin.logentry", "pk": 4, "fields": {"action_time": "2020-10-25T23:25:31.965Z", "user": 1, "content_type": 7, "object_id": "1", "object_repr": "Hello Django", "action_flag": 3, "change_message": ""}}, {"model": "admin.logentry", "pk": 5, "fields": {"action_time": "2020-10-25T23:32:03.869Z", "user": 1, "content_type": 7, "object_id": "2", "object_repr": "Hello Django", "action_flag": 1, "change_message": "[{\"added\": {}}]"}}, {"model": "admin.logentry", "pk": 6, "fields": {"action_time": "2020-10-26T12:13:26.972Z", "user": 1, "content_type": 7, "object_id": "2", "object_repr": "Hello Django", "action_flag": 2, "change_message": "[{\"changed\": {\"fields\": [\"photo\"]}}]"}}, {"model": "admin.logentry", "pk": 7, "fields": {"action_time": "2020-10-26T12:13:41.280Z", "user": 1, "content_type": 7, "object_id": "2", "object_repr": "Hello Django", "action_flag": 2, "change_message": "[{\"changed\": {\"fields\": [\"photo\"]}}]"}}, {"model": "admin.logentry", "pk": 8, "fields": {"action_time": "2020-10-26T12:23:04.892Z", "user": 1, "content_type": 7, "object_id": "2", "object_repr": "Hello Django", "action_flag": 2, "change_message": "[{\"changed\": {\"fields\": [\"photo\"]}}]"}}, {"model": "admin.logentry", "pk": 9, "fields": {"action_time": "2020-10-26T12:23:23.021Z", "user": 1, "content_type": 7, "object_id": "2", "object_repr": "Hello Django", "action_flag": 2, "change_message": "[{\"changed\": {\"fields\": [\"photo\"]}}]"}}, {"model": "admin.logentry", "pk": 10, "fields": {"action_time": "2020-10-26T12:45:59.782Z", "user": 1, "content_type": 7, "object_id": "2", "object_repr": "Hello Django", "action_flag": 2, "change_message": "[{\"changed\": {\"fields\": [\"photo\"]}}]"}}, {"model": "admin.logentry", "pk": 11, "fields": {"action_time": "2020-10-26T12:46:09.954Z", "user": 1, "content_type": 7, "object_id": "2", "object_repr": "Hello Django", "action_flag": 3, "change_message": ""}}, {"model": "admin.logentry", "pk": 12, "fields": {"action_time": "2020-10-26T12:47:27.495Z", "user": 1, "content_type": 7, "object_id": "3", "object_repr": "Hello Django", "action_flag": 1, "change_message": "[{\"added\": {}}]"}}, {"model": "admin.logentry", "pk": 13, "fields": {"action_time": "2020-10-26T12:58:46.089Z", "user": 1, "content_type": 7, "object_id": "3", "object_repr": "Hello Django", "action_flag": 2, "change_message": "[{\"changed\": {\"fields\": [\"photo\"]}}]"}}, {"model": "admin.logentry", "pk": 14, "fields": {"action_time": "2020-10-26T12:58:53.568Z", "user": 1, "content_type": 7, "object_id": "3", "object_repr": "Hello Django", "action_flag": 2, "change_message": "[{\"changed\": {\"fields\": [\"photo\"]}}]"}}, {"model": "admin.logentry", "pk": 15, "fields": {"action_time": "2020-10-26T13:31:37.848Z", "user": 1, "content_type": 7, "object_id": "4", "object_repr": "Hello Djanog②", "action_flag": 1, "change_message": "[{\"added\": {}}]"}}, {"model": "admin.logentry", "pk": 16, "fields": {"action_time": "2020-10-26T13:32:56.994Z", "user": 1, "content_type": 7, "object_id": "4", "object_repr": "Hello Djanog②", "action_flag": 2, "change_message": "[{\"changed\": {\"fields\": [\"photo\"]}}]"}}, {"model": "admin.logentry", "pk": 17, "fields": {"action_time": "2020-10-26T13:33:11.775Z", "user": 1, "content_type": 7, "object_id": "4", "object_repr": "Hello Djanog②", "action_flag": 2, "change_message": "[{\"changed\": {\"fields\": [\"photo\"]}}]"}}, {"model": "admin.logentry", "pk": 18, "fields": {"action_time": "2020-10-26T13:34:20.873Z", "user": 1, "content_type": 7, "object_id": "4", "object_repr": "Hello Djanog②", "action_flag": 2, "change_message": "[{\"changed\": {\"fields\": [\"photo\"]}}]"}}, {"model": "admin.logentry", "pk": 19, "fields": {"action_time": "2020-10-26T13:34:30.192Z", "user": 1, "content_type": 7, "object_id": "4", "object_repr": "Hello Djanog②", "action_flag": 2, "change_message": "[{\"changed\": {\"fields\": [\"photo\"]}}]"}}, {"model": "admin.logentry", "pk": 20, "fields": {"action_time": "2020-10-26T13:36:44.596Z", "user": 1, "content_type": 7, "object_id": "4", "object_repr": "Hello Djanog②", "action_flag": 2, "change_message": "[{\"changed\": {\"fields\": [\"photo\"]}}]"}}, {"model": "admin.logentry", "pk": 21, "fields": {"action_time": "2020-10-26T13:36:56.033Z", "user": 1, "content_type": 7, "object_id": "4", "object_repr": "Hello Djanog②", "action_flag": 2, "change_message": "[{\"changed\": {\"fields\": [\"photo\"]}}]"}}, {"model": "admin.logentry", "pk": 22, "fields": {"action_time": "2020-10-26T13:40:07.450Z", "user": 1, "content_type": 7, "object_id": "4", "object_repr": "Hello Djanog②", "action_flag": 3, "change_message": ""}}, {"model": "admin.logentry", "pk": 23, "fields": {"action_time": "2020-10-26T13:40:12.768Z", "user": 1, "content_type": 7, "object_id": "3", "object_repr": "Hello Django", "action_flag": 3, "change_message": ""}}, {"model": "admin.logentry", "pk": 24, "fields": {"action_time": "2020-10-26T13:46:28.560Z", "user": 1, "content_type": 7, "object_id": "5", "object_repr": "Hello Django", "action_flag": 1, "change_message": "[{\"added\": {}}]"}}, {"model": "admin.logentry", "pk": 25, "fields": {"action_time": "2020-10-26T13:48:10.412Z", "user": 1, "content_type": 7, "object_id": "5", "object_repr": "Hello Django", "action_flag": 2, "change_message": "[{\"changed\": {\"fields\": [\"photo\"]}}]"}}, {"model": "admin.logentry", "pk": 26, "fields": {"action_time": "2020-10-26T13:48:17.599Z", "user": 1, "content_type": 7, "object_id": "5", "object_repr": "Hello Django", "action_flag": 2, "change_message": "[{\"changed\": {\"fields\": [\"photo\"]}}]"}}, {"model": "admin.logentry", "pk": 27, "fields": {"action_time": "2020-10-26T13:49:34.273Z", "user": 1, "content_type": 7, "object_id": "5", "object_repr": "Hello Django", "action_flag": 2, "change_message": "[{\"changed\": {\"fields\": [\"photo\"]}}]"}}, {"model": "admin.logentry", "pk": 28, "fields": {"action_time": "2020-10-26T13:49:42.171Z", "user": 1, "content_type": 7, "object_id": "5", "object_repr": "Hello Django", "action_flag": 2, "change_message": "[{\"changed\": {\"fields\": [\"photo\"]}}]"}}, {"model": "admin.logentry", "pk": 29, "fields": {"action_time": "2020-10-26T13:51:38.096Z", "user": 1, "content_type": 7, "object_id": "5", "object_repr": "Hello Django", "action_flag": 3, "change_message": ""}}, {"model": "admin.logentry", "pk": 30, "fields": {"action_time": "2020-10-26T13:52:10.096Z", "user": 1, "content_type": 7, "object_id": "6", "object_repr": "Hello Django", "action_flag": 1, "change_message": "[{\"added\": {}}]"}}, {"model": "admin.logentry", "pk": 31, "fields": {"action_time": "2020-10-26T13:56:38.749Z", "user": 1, "content_type": 7, "object_id": "6", "object_repr": "Hello Django", "action_flag": 2, "change_message": "[{\"changed\": {\"fields\": [\"photo\"]}}]"}}, {"model": "admin.logentry", "pk": 32, "fields": {"action_time": "2020-10-26T13:56:46.476Z", "user": 1, "content_type": 7, "object_id": "6", "object_repr": "Hello Django", "action_flag": 2, "change_message": "[{\"changed\": {\"fields\": [\"photo\"]}}]"}}, {"model": "admin.logentry", "pk": 33, "fields": {"action_time": "2020-10-26T13:58:03.877Z", "user": 1, "content_type": 7, "object_id": "7", "object_repr": "Hello Django②", "action_flag": 1, "change_message": "[{\"added\": {}}]"}}, {"model": "admin.logentry", "pk": 34, "fields": {"action_time": "2020-10-27T03:42:32.758Z", "user": 1, "content_type": 7, "object_id": "8", "object_repr": "３回目の投稿", "action_flag": 1, "change_message": "[{\"added\": {}}]"}}, {"model": "admin.logentry", "pk": 35, "fields": {"action_time": "2020-10-28T22:51:11.217Z", "user": 1, "content_type": 7, "object_id": "9", "object_repr": "４番目の投稿", "action_flag": 3, "change_message": ""}}, {"model": "admin.logentry", "pk": 36, "fields": {"action_time": "2020-10-28T22:54:20.931Z", "user": 1, "content_type": 7, "object_id": "10", "object_repr": "４回目", "action_flag": 3, "change_message": ""}}, {"model": "admin.logentry", "pk": 37, "fields": {"action_time": "2020-10-28T23:15:56.199Z", "user": 1, "content_type": 7, "object_id": "11", "object_repr": "ioioioio", "action_flag": 3, "change_message": ""}}, {"model": "admin.logentry", "pk": 38, "fields": {"action_time": "2020-10-28T23:19:56.753Z", "user": 1, "content_type": 7, "object_id": "13", "object_repr": "klklklkl", "action_flag": 3, "change_message": ""}}, {"model": "admin.logentry", "pk": 39, "fields": {"action_time": "2020-10-28T23:20:01.699Z", "user": 1, "content_type": 7, "object_id": "12", "object_repr": "dsdsdsds", "action_flag": 3, "change_message": ""}}, {"model": "admin.logentry", "pk": 40, "fields": {"action_time": "2020-10-29T22:52:43.453Z", "user": 1, "content_type": 7, "object_id": "14", "object_repr": "sass", "action_flag": 3, "change_message": ""}}, {"model": "admin.logentry", "pk": 41, "fields": {"action_time": "2020-10-29T22:52:49.784Z", "user": 1, "content_type": 7, "object_id": "15", "object_repr": "jkjkjkjk", "action_flag": 3, "change_message": ""}}, {"model": "admin.logentry", "pk": 42, "fields": {"action_time": "2020-10-29T23:02:47.867Z", "user": 1, "content_type": 7, "object_id": "18", "object_repr": "jkjkjkjk", "action_flag": 3, "change_message": ""}}, {"model": "admin.logentry", "pk": 43, "fields": {"action_time": "2020-10-29T23:02:52.868Z", "user": 1, "content_type": 7, "object_id": "17", "object_repr": "hjhj", "action_flag": 3, "change_message": ""}}, {"model": "admin.logentry", "pk": 44, "fields": {"action_time": "2020-10-29T23:02:58.801Z", "user": 1, "content_type": 7, "object_id": "16", "object_repr": "jkjkjkjk", "action_flag": 3, "change_message": ""}}, {"model": "admin.logentry", "pk": 45, "fields": {"action_time": "2020-10-31T07:15:10.874Z", "user": 1, "content_type": 7, "object_id": "23", "object_repr": "jkjkjkjk", "action_flag": 3, "change_message": ""}}, {"model": "admin.logentry", "pk": 46, "fields": {"action_time": "2020-10-31T07:15:15.561Z", "user": 1, "content_type": 7, "object_id": "22", "object_repr": "aaaa", "action_flag": 3, "change_message": ""}}, {"model": "admin.logentry", "pk": 47, "fields": {"action_time": "2020-10-31T07:15:19.885Z", "user": 1, "content_type": 7, "object_id": "21", "object_repr": "aaaa", "action_flag": 3, "change_message": ""}}, {"model": "admin.logentry", "pk": 48, "fields": {"action_time": "2020-10-31T07:15:24.436Z", "user": 1, "content_type": 7, "object_id": "20", "object_repr": "hjhjhj", "action_flag": 3, "change_message": ""}}, {"model": "admin.logentry", "pk": 49, "fields": {"action_time": "2020-10-31T07:15:29.706Z", "user": 1, "content_type": 7, "object_id": "19", "object_repr": "fghjk", "action_flag": 3, "change_message": ""}}, {"model": "admin.logentry", "pk": 50, "fields": {"action_time": "2020-10-31T07:26:41.776Z", "user": 1, "content_type": 7, "object_id": "25", "object_repr": "jkjkjkjk", "action_flag": 3, "change_message": ""}}, {"model": "admin.logentry", "pk": 51, "fields": {"action_time": "2020-10-31T07:26:46.698Z", "user": 1, "content_type": 7, "object_id": "24", "object_repr": "jkjkjkjk", "action_flag": 3, "change_message": ""}}, {"model": "admin.logentry", "pk": 52, "fields": {"action_time": "2020-10-31T07:49:34.462Z", "user": 1, "content_type": 7, "object_id": "26", "object_repr": "assas", "action_flag": 3, "change_message": ""}}, {"model": "admin.logentry", "pk": 53, "fields": {"action_time": "2020-10-31T07:49:41.277Z", "user": 1, "content_type": 7, "object_id": "27", "object_repr": "assas", "action_flag": 3, "change_message": ""}}, {"model": "admin.logentry", "pk": 54, "fields": {"action_time": "2020-10-31T07:49:47.955Z", "user": 1, "content_type": 7, "object_id": "28", "object_repr": "assas", "action_flag": 3, "change_message": ""}}, {"model": "admin.logentry", "pk": 55, "fields": {"action_time": "2020-10-31T07:54:56.099Z", "user": 1, "content_type": 7, "object_id": "30", "object_repr": "dsdsdsds", "action_flag": 3, "change_message": ""}}, {"model": "admin.logentry", "pk": 56, "fields": {"action_time": "2020-10-31T07:55:00.846Z", "user": 1, "content_type": 7, "object_id": "29", "object_repr": "dsdsdsds", "action_flag": 3, "change_message": ""}}, {"model": "admin.logentry", "pk": 57, "fields": {"action_time": "2020-11-01T05:49:06.747Z", "user": 1, "content_type": 7, "object_id": "31", "object_repr": "Kasasasasasas", "action_flag": 3, "change_message": ""}}, {"model": "admin.logentry", "pk": 58, "fields": {"action_time": "2020-11-01T05:49:11.346Z", "user": 1, "content_type": 7, "object_id": "32", "object_repr": "Kasasasasasas", "action_flag": 3, "change_message": ""}}, {"model": "admin.logentry", "pk": 59, "fields": {"action_time": "2020-11-01T05:50:58.273Z", "user": 1, "content_type": 7, "object_id": "33", "object_repr": "jkjkjkjk", "action_flag": 3, "change_message": ""}}, {"model": "admin.logentry", "pk": 60, "fields": {"action_time": "2020-11-01T07:23:29.628Z", "user": 1, "content_type": 7, "object_id": "40", "object_repr": "Kasasa", "action_flag": 3, "change_message": ""}}, {"model": "admin.logentry", "pk": 61, "fields": {"action_time": "2020-11-01T07:23:33.799Z", "user": 1, "content_type": 7, "object_id": "39", "object_repr": "Kasasa", "action_flag": 3, "change_message": ""}}, {"model": "admin.logentry", "pk": 62, "fields": {"action_time": "2020-11-01T07:23:38.250Z", "user": 1, "content_type": 7, "object_id": "38", "object_repr": "xzxzxz", "action_flag": 3, "change_message": ""}}, {"model": "admin.logentry", "pk": 63, "fields": {"action_time": "2020-11-01T07:23:42.104Z", "user": 1, "content_type": 7, "object_id": "37", "object_repr": "jkjkjkjk", "action_flag": 3, "change_message": ""}}, {"model": "admin.logentry", "pk": 64, "fields": {"action_time": "2020-11-01T07:23:45.781Z", "user": 1, "content_type": 7, "object_id": "36", "object_repr": "dsdsds", "action_flag": 3, "change_message": ""}}, {"model": "admin.logentry", "pk": 65, "fields": {"action_time": "2020-11-01T07:23:49.731Z", "user": 1, "content_type": 7, "object_id": "35", "object_repr": "sass", "action_flag": 3, "change_message": ""}}, {"model": "admin.logentry", "pk": 66, "fields": {"action_time": "2020-11-01T07:23:53.318Z", "user": 1, "content_type": 7, "object_id": "34", "object_repr": "ioiooioio", "action_flag": 3, "change_message": ""}}, {"model": "admin.logentry", "pk": 67, "fields": {"action_time": "2020-11-02T05:22:35.419Z", "user": 1, "content_type": 8, "object_id": "1", "object_repr": "Python", "action_flag": 1, "change_message": "[{\"added\": {}}]"}}, {"model": "admin.logentry", "pk": 68, "fields": {"action_time": "2020-11-02T05:23:41.062Z", "user": 1, "content_type": 8, "object_id": "2", "object_repr": "Django", "action_flag": 1, "change_message": "[{\"added\": {}}]"}}, {"model": "admin.logentry", "pk": 69, "fields": {"action_time": "2020-11-02T08:28:26.042Z", "user": 1, "content_type": 4, "object_id": "2", "object_repr": "woodvillage0525", "action_flag": 1, "change_message": "[{\"added\": {}}]"}}, {"model": "admin.logentry", "pk": 70, "fields": {"action_time": "2020-11-02T09:00:15.778Z", "user": 1, "content_type": 4, "object_id": "2", "object_repr": "woodvillage0525", "action_flag": 3, "change_message": ""}}, {"model": "admin.logentry", "pk": 71, "fields": {"action_time": "2020-11-03T08:05:13.030Z", "user": 1, "content_type": 8, "object_id": "2", "object_repr": "Django", "action_flag": 3, "change_message": ""}}, {"model": "admin.logentry", "pk": 72, "fields": {"action_time": "2020-11-03T08:05:19.277Z", "user": 1, "content_type": 8, "object_id": "1", "object_repr": "Python", "action_flag": 3, "change_message": ""}}, {"model": "admin.logentry", "pk": 73, "fields": {"action_time": "2020-11-03T08:35:38.373Z", "user": 1, "content_type": 9, "object_id": "1", "object_repr": "Python", "action_flag": 1, "change_message": "[{\"added\": {}}]"}}, {"model": "admin.logentry", "pk": 74, "fields": {"action_time": "2020-11-03T08:35:41.051Z", "user": 1, "content_type": 10, "object_id": "1", "object_repr": "１回目", "action_flag": 1, "change_message": "[{\"added\": {}}]"}}, {"model": "admin.logentry", "pk": 75, "fields": {"action_time": "2020-11-03T12:08:27.045Z", "user": 1, "content_type": 9, "object_id": "2", "object_repr": "Django", "action_flag": 1, "change_message": "[{\"added\": {}}]"}}, {"model": "admin.logentry", "pk": 76, "fields": {"action_time": "2020-11-23T14:09:09.482Z", "user": 1, "content_type": 9, "object_id": "2", "object_repr": "Travel", "action_flag": 2, "change_message": "[{\"changed\": {\"fields\": [\"name\"]}}]"}}, {"model": "admin.logentry", "pk": 77, "fields": {"action_time": "2020-11-23T14:09:17.593Z", "user": 1, "content_type": 9, "object_id": "1", "object_repr": "Gourmet", "action_flag": 2, "change_message": "[{\"changed\": {\"fields\": [\"name\"]}}]"}}, {"model": "admin.logentry", "pk": 78, "fields": {"action_time": "2020-11-23T14:09:31.295Z", "user": 1, "content_type": 9, "object_id": "3", "object_repr": "Coding", "action_flag": 1, "change_message": "[{\"added\": {}}]"}}, {"model": "admin.logentry", "pk": 79, "fields": {"action_time": "2020-11-23T14:09:42.917Z", "user": 1, "content_type": 9, "object_id": "4", "object_repr": "City Development", "action_flag": 1, "change_message": "[{\"added\": {}}]"}}, {"model": "admin.logentry", "pk": 80, "fields": {"action_time": "2020-12-07T23:05:41.873Z", "user": 1, "content_type": 11, "object_id": "1", "object_repr": "Django", "action_flag": 1, "change_message": "[{\"added\": {}}]"}}, {"model": "admin.logentry", "pk": 81, "fields": {"action_time": "2020-12-07T23:06:42.564Z", "user": 1, "content_type": 11, "object_id": "2", "object_repr": "イギリス", "action_flag": 1, "change_message": "[{\"added\": {}}]"}}, {"model": "admin.logentry", "pk": 82, "fields": {"action_time": "2020-12-07T23:06:49.041Z", "user": 1, "content_type": 11, "object_id": "3", "object_repr": "イタリア", "action_flag": 1, "change_message": "[{\"added\": {}}]"}}, {"model": "admin.logentry", "pk": 83, "fields": {"action_time": "2020-12-07T23:06:53.613Z", "user": 1, "content_type": 11, "object_id": "4", "object_repr": "ドイツ", "action_flag": 1, "change_message": "[{\"added\": {}}]"}}, {"model": "admin.logentry", "pk": 84, "fields": {"action_time": "2020-12-07T23:07:02.008Z", "user": 1, "content_type": 11, "object_id": "5", "object_repr": "ポルトガル", "action_flag": 1, "change_message": "[{\"added\": {}}]"}}, {"model": "admin.logentry", "pk": 85, "fields": {"action_time": "2020-12-07T23:08:45.230Z", "user": 1, "content_type": 11, "object_id": "6", "object_repr": "寿司", "action_flag": 1, "change_message": "[{\"added\": {}}]"}}, {"model": "admin.logentry", "pk": 86, "fields": {"action_time": "2020-12-07T23:09:32.765Z", "user": 1, "content_type": 11, "object_id": "7", "object_repr": "おしゃれランチ", "action_flag": 1, "change_message": "[{\"added\": {}}]"}}, {"model": "admin.logentry", "pk": 87, "fields": {"action_time": "2020-12-07T23:10:15.084Z", "user": 1, "content_type": 10, "object_id": "13", "object_repr": "クリスマス@ロンドン", "action_flag": 2, "change_message": "[{\"changed\": {\"fields\": [\"tag\", \"relation\"]}}]"}}, {"model": "admin.logentry", "pk": 88, "fields": {"action_time": "2020-12-07T23:10:40.325Z", "user": 1, "content_type": 10, "object_id": "12", "object_repr": "ミランのガッレリア", "action_flag": 2, "change_message": "[{\"changed\": {\"fields\": [\"tag\", \"relation\"]}}]"}}, {"model": "admin.logentry", "pk": 89, "fields": {"action_time": "2020-12-07T23:11:00.592Z", "user": 1, "content_type": 10, "object_id": "11", "object_repr": "ベルリン、クリスマスマーケット", "action_flag": 2, "change_message": "[{\"changed\": {\"fields\": [\"tag\", \"relation\"]}}]"}}, {"model": "admin.logentry", "pk": 90, "fields": {"action_time": "2020-12-07T23:11:20.797Z", "user": 1, "content_type": 10, "object_id": "10", "object_repr": "ポルト、という世界遺産の街", "action_flag": 2, "change_message": "[{\"changed\": {\"fields\": [\"tag\", \"relation\"]}}]"}}, {"model": "admin.logentry", "pk": 91, "fields": {"action_time": "2020-12-07T23:11:38.318Z", "user": 1, "content_type": 11, "object_id": "8", "object_repr": "ハンガリー", "action_flag": 1, "change_message": "[{\"added\": {}}]"}}, {"model": "admin.logentry", "pk": 92, "fields": {"action_time": "2020-12-07T23:11:57.255Z", "user": 1, "content_type": 10, "object_id": "9", "object_repr": "The most beautiful McDonald's", "action_flag": 2, "change_message": "[{\"changed\": {\"fields\": [\"tag\", \"relation\"]}}]"}}, {"model": "admin.logentry", "pk": 93, "fields": {"action_time": "2020-12-07T23:12:25.009Z", "user": 1, "content_type": 10, "object_id": "8", "object_repr": "レジデンツ＠ミュンヘン", "action_flag": 2, "change_message": "[{\"changed\": {\"fields\": [\"tag\", \"relation\"]}}]"}}, {"model": "admin.logentry", "pk": 94, "fields": {"action_time": "2020-12-07T23:12:44.861Z", "user": 1, "content_type": 10, "object_id": "7", "object_repr": "５回目の投稿になります。", "action_flag": 2, "change_message": "[{\"changed\": {\"fields\": [\"tag\", \"relation\"]}}]"}}, {"model": "admin.logentry", "pk": 95, "fields": {"action_time": "2020-12-07T23:13:04.791Z", "user": 1, "content_type": 10, "object_id": "6", "object_repr": "4回目の投稿になります。", "action_flag": 2, "change_message": "[{\"changed\": {\"fields\": [\"tag\", \"relation\"]}}]"}}, {"model": "admin.logentry", "pk": 96, "fields": {"action_time": "2020-12-07T23:13:18.891Z", "user": 1, "content_type": 10, "object_id": "4", "object_repr": "3回目の投稿になります。", "action_flag": 2, "change_message": "[{\"changed\": {\"fields\": [\"content\", \"tag\", \"relation\"]}}]"}}, {"model": "admin.logentry", "pk": 97, "fields": {"action_time": "2020-12-07T23:13:42.057Z", "user": 1, "content_type": 10, "object_id": "3", "object_repr": "２回目の投稿になります。", "action_flag": 2, "change_message": "[{\"changed\": {\"fields\": [\"content\", \"tag\", \"relation\"]}}]"}}, {"model": "admin.logentry", "pk": 98, "fields": {"action_time": "2020-12-07T23:13:57.757Z", "user": 1, "content_type": 10, "object_id": "1", "object_repr": "１回目目の投稿になります。", "action_flag": 2, "change_message": "[{\"changed\": {\"fields\": [\"content\", \"tag\"]}}]"}}, {"model": "admin.logentry", "pk": 99, "fields": {"action_time": "2020-12-07T23:14:17.969Z", "user": 1, "content_type": 11, "object_id": "9", "object_repr": "オーストリア", "action_flag": 1, "change_message": "[{\"added\": {}}]"}}, {"model": "admin.logentry", "pk": 100, "fields": {"action_time": "2020-12-07T23:14:30.145Z", "user": 1, "content_type": 10, "object_id": "18", "object_repr": "モーツァルトの街、ザルツブルグ", "action_flag": 2, "change_message": "[{\"changed\": {\"fields\": [\"tag\", \"relation\"]}}]"}}, {"model": "admin.logentry", "pk": 101, "fields": {"action_time": "2020-12-07T23:14:44.274Z", "user": 1, "content_type": 10, "object_id": "17", "object_repr": "Apollo 銀座", "action_flag": 2, "change_message": "[{\"changed\": {\"fields\": [\"tag\", \"relation\"]}}]"}}, {"model": "admin.logentry", "pk": 102, "fields": {"action_time": "2020-12-07T23:14:53.439Z", "user": 1, "content_type": 10, "object_id": "16", "object_repr": "まんてん鮨", "action_flag": 2, "change_message": "[{\"changed\": {\"fields\": [\"tag\"]}}]"}}, {"model": "admin.logentry", "pk": 103, "fields": {"action_time": "2020-12-07T23:15:03.647Z", "user": 1, "content_type": 10, "object_id": "14", "object_repr": "Bills 銀座", "action_flag": 2, "change_message": "[{\"changed\": {\"fields\": [\"tag\"]}}]"}}, {"model": "admin.logentry", "pk": 104, "fields": {"action_time": "2020-12-10T23:13:16.576Z", "user": 1, "content_type": 11, "object_id": "10", "object_repr": "チェコ", "action_flag": 1, "change_message": "[{\"added\": {}}]"}}, {"model": "admin.logentry", "pk": 105, "fields": {"action_time": "2020-12-13T23:13:30.091Z", "user": 1, "content_type": 11, "object_id": "11", "object_repr": "大規模再開発", "action_flag": 1, "change_message": "[{\"added\": {}}]"}}, {"model": "admin.logentry", "pk": 106, "fields": {"action_time": "2020-12-16T22:42:25.591Z", "user": 1, "content_type": 14, "object_id": "1", "object_repr": "大規模再開発", "action_flag": 1, "change_message": "[{\"added\": {}}]"}}, {"model": "admin.logentry", "pk": 107, "fields": {"action_time": "2020-12-16T22:44:55.970Z", "user": 1, "content_type": 12, "object_id": "1", "object_repr": "大規模再開発", "action_flag": 1, "change_message": "[{\"added\": {}}]"}}, {"model": "admin.logentry", "pk": 108, "fields": {"action_time": "2020-12-16T22:45:07.849Z", "user": 1, "content_type": 14, "object_id": "1", "object_repr": "大規模再開発", "action_flag": 3, "change_message": ""}}, {"model": "admin.logentry", "pk": 109, "fields": {"action_time": "2020-12-16T22:45:21.413Z", "user": 1, "content_type": 14, "object_id": "2", "object_repr": "2019年", "action_flag": 1, "change_message": "[{\"added\": {}}]"}}, {"model": "admin.logentry", "pk": 110, "fields": {"action_time": "2020-12-16T22:45:26.158Z", "user": 1, "content_type": 13, "object_id": "1", "object_repr": "渋谷スクランブルスクエア", "action_flag": 1, "change_message": "[{\"added\": {}}]"}}, {"model": "admin.logentry", "pk": 111, "fields": {"action_time": "2020-12-16T23:03:40.464Z", "user": 1, "content_type": 12, "object_id": "2", "object_repr": "商業施設", "action_flag": 1, "change_message": "[{\"added\": {}}]"}}, {"model": "admin.logentry", "pk": 112, "fields": {"action_time": "2020-12-16T23:03:43.504Z", "user": 1, "content_type": 13, "object_id": "2", "object_repr": "WITH 原宿", "action_flag": 1, "change_message": "[{\"added\": {}}]"}}, {"model": "admin.logentry", "pk": 113, "fields": {"action_time": "2020-12-17T22:50:04.750Z", "user": 1, "content_type": 14, "object_id": "3", "object_repr": "2018年", "action_flag": 1, "change_message": "[{\"added\": {}}]"}}, {"model": "admin.logentry", "pk": 114, "fields": {"action_time": "2020-12-17T22:50:16.245Z", "user": 1, "content_type": 14, "object_id": "4", "object_repr": "2020年", "action_flag": 1, "change_message": "[{\"added\": {}}]"}}, {"model": "admin.logentry", "pk": 115, "fields": {"action_time": "2020-12-17T22:50:30.724Z", "user": 1, "content_type": 14, "object_id": "5", "object_repr": "2021年", "action_flag": 1, "change_message": "[{\"added\": {}}]"}}, {"model": "admin.logentry", "pk": 116, "fields": {"action_time": "2020-12-17T22:50:38.604Z", "user": 1, "content_type": 14, "object_id": "6", "object_repr": "2020年", "action_flag": 1, "change_message": "[{\"added\": {}}]"}}, {"model": "admin.logentry", "pk": 117, "fields": {"action_time": "2020-12-17T22:50:49.845Z", "user": 1, "content_type": 14, "object_id": "6", "object_repr": "2022年", "action_flag": 2, "change_message": "[{\"changed\": {\"fields\": [\"name\"]}}]"}}, {"model": "admin.logentry", "pk": 118, "fields": {"action_time": "2020-12-17T22:50:57.041Z", "user": 1, "content_type": 14, "object_id": "7", "object_repr": "2023年", "action_flag": 1, "change_message": "[{\"added\": {}}]"}}, {"model": "admin.logentry", "pk": 119, "fields": {"action_time": "2020-12-17T22:51:06.782Z", "user": 1, "content_type": 14, "object_id": "8", "object_repr": "2024年", "action_flag": 1, "change_message": "[{\"added\": {}}]"}}, {"model": "admin.logentry", "pk": 120, "fields": {"action_time": "2020-12-19T05:52:13.333Z", "user": 1, "content_type": 9, "object_id": "4", "object_repr": "City Development", "action_flag": 3, "change_message": ""}}, {"model": "admin.logentry", "pk": 121, "fields": {"action_time": "2020-12-19T06:13:12.042Z", "user": 1, "content_type": 11, "object_id": "11", "object_repr": "大規模再開発", "action_flag": 3, "change_message": ""}}, {"model": "admin.logentry", "pk": 122, "fields": {"action_time": "2020-12-20T04:45:44.070Z", "user": 1, "content_type": 15, "object_id": "1", "object_repr": "woodvillage0609", "action_flag": 1, "change_message": "[{\"added\": {}}]"}}, {"model": "auth.permission", "pk": 1, "fields": {"name": "Can add log entry", "content_type": 1, "codename": "add_logentry"}}, {"model": "auth.permission", "pk": 2, "fields": {"name": "Can change log entry", "content_type": 1, "codename": "change_logentry"}}, {"model": "auth.permission", "pk": 3, "fields": {"name": "Can delete log entry", "content_type": 1, "codename": "delete_logentry"}}, {"model": "auth.permission", "pk": 4, "fields": {"name": "Can view log entry", "content_type": 1, "codename": "view_logentry"}}, {"model": "auth.permission", "pk": 5, "fields": {"name": "Can add permission", "content_type": 2, "codename": "add_permission"}}, {"model": "auth.permission", "pk": 6, "fields": {"name": "Can change permission", "content_type": 2, "codename": "change_permission"}}, {"model": "auth.permission", "pk": 7, "fields": {"name": "Can delete permission", "content_type": 2, "codename": "delete_permission"}}, {"model": "auth.permission", "pk": 8, "fields": {"name": "Can view permission", "content_type": 2, "codename": "view_permission"}}, {"model": "auth.permission", "pk": 9, "fields": {"name": "Can add group", "content_type": 3, "codename": "add_group"}}, {"model": "auth.permission", "pk": 10, "fields": {"name": "Can change group", "content_type": 3, "codename": "change_group"}}, {"model": "auth.permission", "pk": 11, "fields": {"name": "Can delete group", "content_type": 3, "codename": "delete_group"}}, {"model": "auth.permission", "pk": 12, "fields": {"name": "Can view group", "content_type": 3, "codename": "view_group"}}, {"model": "auth.permission", "pk": 13, "fields": {"name": "Can add user", "content_type": 4, "codename": "add_user"}}, {"model": "auth.permission", "pk": 14, "fields": {"name": "Can change user", "content_type": 4, "codename": "change_user"}}, {"model": "auth.permission", "pk": 15, "fields": {"name": "Can delete user", "content_type": 4, "codename": "delete_user"}}, {"model": "auth.permission", "pk": 16, "fields": {"name": "Can view user", "content_type": 4, "codename": "view_user"}}, {"model": "auth.permission", "pk": 17, "fields": {"name": "Can add content type", "content_type": 5, "codename": "add_contenttype"}}, {"model": "auth.permission", "pk": 18, "fields": {"name": "Can change content type", "content_type": 5, "codename": "change_contenttype"}}, {"model": "auth.permission", "pk": 19, "fields": {"name": "Can delete content type", "content_type": 5, "codename": "delete_contenttype"}}, {"model": "auth.permission", "pk": 20, "fields": {"name": "Can view content type", "content_type": 5, "codename": "view_contenttype"}}, {"model": "auth.permission", "pk": 21, "fields": {"name": "Can add session", "content_type": 6, "codename": "add_session"}}, {"model": "auth.permission", "pk": 22, "fields": {"name": "Can change session", "content_type": 6, "codename": "change_session"}}, {"model": "auth.permission", "pk": 23, "fields": {"name": "Can delete session", "content_type": 6, "codename": "delete_session"}}, {"model": "auth.permission", "pk": 24, "fields": {"name": "Can view session", "content_type": 6, "codename": "view_session"}}, {"model": "auth.permission", "pk": 25, "fields": {"name": "Can add travel", "content_type": 7, "codename": "add_travel"}}, {"model": "auth.permission", "pk": 26, "fields": {"name": "Can change travel", "content_type": 7, "codename": "change_travel"}}, {"model": "auth.permission", "pk": 27, "fields": {"name": "Can delete travel", "content_type": 7, "codename": "delete_travel"}}, {"model": "auth.permission", "pk": 28, "fields": {"name": "Can view travel", "content_type": 7, "codename": "view_travel"}}, {"model": "auth.permission", "pk": 29, "fields": {"name": "Can add category", "content_type": 8, "codename": "add_category"}}, {"model": "auth.permission", "pk": 30, "fields": {"name": "Can change category", "content_type": 8, "codename": "change_category"}}, {"model": "auth.permission", "pk": 31, "fields": {"name": "Can delete category", "content_type": 8, "codename": "delete_category"}}, {"model": "auth.permission", "pk": 32, "fields": {"name": "Can view category", "content_type": 8, "codename": "view_category"}}, {"model": "auth.permission", "pk": 33, "fields": {"name": "Can add category", "content_type": 9, "codename": "add_category"}}, {"model": "auth.permission", "pk": 34, "fields": {"name": "Can change category", "content_type": 9, "codename": "change_category"}}, {"model": "auth.permission", "pk": 35, "fields": {"name": "Can delete category", "content_type": 9, "codename": "delete_category"}}, {"model": "auth.permission", "pk": 36, "fields": {"name": "Can view category", "content_type": 9, "codename": "view_category"}}, {"model": "auth.permission", "pk": 37, "fields": {"name": "Can add blog", "content_type": 10, "codename": "add_blog"}}, {"model": "auth.permission", "pk": 38, "fields": {"name": "Can change blog", "content_type": 10, "codename": "change_blog"}}, {"model": "auth.permission", "pk": 39, "fields": {"name": "Can delete blog", "content_type": 10, "codename": "delete_blog"}}, {"model": "auth.permission", "pk": 40, "fields": {"name": "Can view blog", "content_type": 10, "codename": "view_blog"}}, {"model": "auth.permission", "pk": 41, "fields": {"name": "Can add tag", "content_type": 11, "codename": "add_tag"}}, {"model": "auth.permission", "pk": 42, "fields": {"name": "Can change tag", "content_type": 11, "codename": "change_tag"}}, {"model": "auth.permission", "pk": 43, "fields": {"name": "Can delete tag", "content_type": 11, "codename": "delete_tag"}}, {"model": "auth.permission", "pk": 44, "fields": {"name": "Can view tag", "content_type": 11, "codename": "view_tag"}}, {"model": "auth.permission", "pk": 45, "fields": {"name": "Can add tag", "content_type": 12, "codename": "add_tag"}}, {"model": "auth.permission", "pk": 46, "fields": {"name": "Can change tag", "content_type": 12, "codename": "change_tag"}}, {"model": "auth.permission", "pk": 47, "fields": {"name": "Can delete tag", "content_type": 12, "codename": "delete_tag"}}, {"model": "auth.permission", "pk": 48, "fields": {"name": "Can view tag", "content_type": 12, "codename": "view_tag"}}, {"model": "auth.permission", "pk": 49, "fields": {"name": "Can add city", "content_type": 13, "codename": "add_city"}}, {"model": "auth.permission", "pk": 50, "fields": {"name": "Can change city", "content_type": 13, "codename": "change_city"}}, {"model": "auth.permission", "pk": 51, "fields": {"name": "Can delete city", "content_type": 13, "codename": "delete_city"}}, {"model": "auth.permission", "pk": 52, "fields": {"name": "Can view city", "content_type": 13, "codename": "view_city"}}, {"model": "auth.permission", "pk": 53, "fields": {"name": "Can add completion", "content_type": 14, "codename": "add_completion"}}, {"model": "auth.permission", "pk": 54, "fields": {"name": "Can change completion", "content_type": 14, "codename": "change_completion"}}, {"model": "auth.permission", "pk": 55, "fields": {"name": "Can delete completion", "content_type": 14, "codename": "delete_completion"}}, {"model": "auth.permission", "pk": 56, "fields": {"name": "Can view completion", "content_type": 14, "codename": "view_completion"}}, {"model": "auth.permission", "pk": 57, "fields": {"name": "Can add account", "content_type": 15, "codename": "add_account"}}, {"model": "auth.permission", "pk": 58, "fields": {"name": "Can change account", "content_type": 15, "codename": "change_account"}}, {"model": "auth.permission", "pk": 59, "fields": {"name": "Can delete account", "content_type": 15, "codename": "delete_account"}}, {"model": "auth.permission", "pk": 60, "fields": {"name": "Can view account", "content_type": 15, "codename": "view_account"}}, {"model": "auth.user", "pk": 1, "fields": {"password": "pbkdf2_sha256$150000$j8wPuW3g73ir$hCRg5RE6q2fvx2Yv6mUsL9LOtCk6zER5+Qwygrcmrko=", "last_login": "2020-12-20T06:30:17.483Z", "is_superuser": true, "username": "woodvillage0609", "first_name": "", "last_name": "", "email": "woodvillage0609@gmail.com", "is_staff": true, "is_active": true, "date_joined": "2020-10-25T08:50:25.624Z", "groups": [], "user_permissions": []}}, {"model": "contenttypes.contenttype", "pk": 1, "fields": {"app_label": "admin", "model": "logentry"}}, {"model": "contenttypes.contenttype", "pk": 2, "fields": {"app_label": "auth", "model": "permission"}}, {"model": "contenttypes.contenttype", "pk": 3, "fields": {"app_label": "auth", "model": "group"}}, {"model": "contenttypes.contenttype", "pk": 4, "fields": {"app_label": "auth", "model": "user"}}, {"model": "contenttypes.contenttype", "pk": 5, "fields": {"app_label": "contenttypes", "model": "contenttype"}}, {"model": "contenttypes.contenttype", "pk": 6, "fields": {"app_label": "sessions", "model": "session"}}, {"model": "contenttypes.contenttype", "pk": 7, "fields": {"app_label": "travels", "model": "travel"}}, {"model": "contenttypes.contenttype", "pk": 8, "fields": {"app_label": "travels", "model": "category"}}, {"model": "contenttypes.contenttype", "pk": 9, "fields": {"app_label": "blogs", "model": "category"}}, {"model": "contenttypes.contenttype", "pk": 10, "fields": {"app_label": "blogs", "model": "blog"}}, {"model": "contenttypes.contenttype", "pk": 11, "fields": {"app_label": "blogs", "model": "tag"}}, {"model": "contenttypes.contenttype", "pk": 12, "fields": {"app_label": "citymaps", "model": "tag"}}, {"model": "contenttypes.contenttype", "pk": 13, "fields": {"app_label": "citymaps", "model": "city"}}, {"model": "contenttypes.contenttype", "pk": 14, "fields": {"app_label": "citymaps", "model": "completion"}}, {"model": "contenttypes.contenttype", "pk": 15, "fields": {"app_label": "account", "model": "account"}}, {"model": "sessions.session", "pk": "4rjlkkbz8nbehptvkz8oyt1dhv0ihwpg", "fields": {"session_data": "MmE3MDFiM2VhMGU4MTA5YWJhZmI4ZGUyZDM0ZjExMDM4MzM5NDFmMjp7fQ==", "expire_date": "2020-11-17T06:45:37.301Z"}}, {"model": "sessions.session", "pk": "f9zcy1ssehsmmkw88i3tdso2k169o2y6", "fields": {"session_data": "MjQzMjQwZjA4ZDcyYmVjZjZmNDkwODM1ZTQ3ODljYTQxMjBjNWU1Njp7Il9hdXRoX3VzZXJfaWQiOiIxIiwiX2F1dGhfdXNlcl9iYWNrZW5kIjoiZGphbmdvLmNvbnRyaWIuYXV0aC5iYWNrZW5kcy5Nb2RlbEJhY2tlbmQiLCJfYXV0aF91c2VyX2hhc2giOiJhYjg5ZGIxYTMxYTY3NDhmNmU0OTE1MzA2ZTU5OTJkNGQ4MDFmYmVkIn0=", "expire_date": "2021-01-03T06:30:17.497Z"}}, {"model": "blogs.category", "pk": 1, "fields": {"name": "Gourmet"}}, {"model": "blogs.category", "pk": 2, "fields": {"name": "Travel"}}, {"model": "blogs.category", "pk": 3, "fields": {"name": "Coding"}}, {"model": "blogs.tag", "pk": 1, "fields": {"name": "Django"}}, {"model": "blogs.tag", "pk": 2, "fields": {"name": "イギリス"}}, {"model": "blogs.tag", "pk": 3, "fields": {"name": "イタリア"}}, {"model": "blogs.tag", "pk": 4, "fields": {"name": "ドイツ"}}, {"model": "blogs.tag", "pk": 5, "fields": {"name": "ポルトガル"}}, {"model": "blogs.tag", "pk": 6, "fields": {"name": "寿司"}}, {"model": "blogs.tag", "pk": 7, "fields": {"name": "おしゃれランチ"}}, {"model": "blogs.tag", "pk": 8, "fields": {"name": "ハンガリー"}}, {"model": "blogs.tag", "pk": 9, "fields": {"name": "オーストリア"}}, {"model": "blogs.tag", "pk": 10, "fields": {"name": "チェコ"}}, {"model": "blogs.blog", "pk": 1, "fields": {"title": "１回目目の投稿になります。", "content": "<p>Lorem ipsum dolor sit amet, consectetur adipiscing elit, sed do eiusmod tempor incididunt ut labore et dolore magna aliqua. Ut enim ad minim veniam, quis nostrud exercitation ullamco laboris nisi ut aliquip ex ea commodo consequat. Duis aute irure dolor in reprehenderit in voluptate velit esse cillum dolore eu fugiat nulla pariatur. Excepteur sint occaecat cupidatat non proident, sunt in culpa qui officia deserunt mollit anim id est laborum.</p>", "author": 1, "date": "2020-11-03T08:35:07Z", "photo": "pictures/amsterdam_mosaic_Oj8ahco.png", "longitude": "139.772532600000000", "latitude": "35.673680600000000", "category": 3, "tag": [1], "relation": [3, 4, 6, 7]}}, {"model": "blogs.blog", "pk": 3, "fields": {"title": "２回目の投稿になります。", "content": "<p>Lorem ipsum dolor sit amet, consectetur adipiscing elit, sed do eiusmod tempor incididunt ut labore et dolore magna aliqua. Ut enim ad minim veniam, quis nostrud exercitation ullamco laboris nisi ut aliquip ex ea commodo consequat. Duis aute irure dolor in reprehenderit in voluptate velit esse cillum dolore eu fugiat nulla pariatur. Excepteur sint occaecat cupidatat non proident, sunt in culpa qui officia deserunt mollit anim id est laborum.</p>", "author": 1, "date": "2020-11-03T12:09:02Z", "photo": "pictures/edingbarah_mosaic.png", "longitude": "139.772532600000000", "latitude": "35.673680600000000", "category": 3, "tag": [1], "relation": [1, 4, 6, 7]}}, {"model": "blogs.blog", "pk": 4, "fields": {"title": "3回目の投稿になります。", "content": "<p>Lorem ipsum dolor sit amet, consectetur adipiscing elit, sed do eiusmod tempor incididunt ut labore et dolore magna aliqua. Ut enim ad minim veniam, quis nostrud exercitation ullamco laboris nisi ut aliquip ex ea commodo consequat. Duis aute irure dolor in reprehenderit in voluptate velit esse cillum dolore eu fugiat nulla pariatur. Excepteur sint occaecat cupidatat non proident, sunt in culpa qui officia deserunt mollit anim id est laborum.</p>", "author": 1, "date": "2020-11-03T13:52:13Z", "photo": "pictures/brussel_mosaic.png", "longitude": "139.772532600000000", "latitude": "35.673680600000000", "category": 3, "tag": [1], "relation": [1, 3, 6, 7]}}, {"model": "blogs.blog", "pk": 6, "fields": {"title": "4回目の投稿になります。", "content": "<p>Lorem ipsum dolor sit amet, consectetur adipiscing elit, sed do eiusmod tempor incididunt ut labore et dolore magna aliqua. Ut enim ad minim veniam, quis nostrud exercitation ullamco laboris nisi ut aliquip ex ea commodo consequat. Duis aute irure dolor in reprehenderit in voluptate velit esse cillum dolore eu fugiat nulla pariatur. Excepteur sint occaecat cupidatat non proident, sunt in culpa qui officia deserunt mollit anim id est laborum.</p>\r\n\r\n<pre>\r\n<code class=\"language-html\">&lt;!-- コンテンツ① --&gt;\r\n        &lt;div class=\"topic-box\"&gt;\r\n            &lt;h4&gt;Travel&lt;/h4&gt;\r\n        &lt;/div&gt;\r\n\r\n        &lt;div class=\"first-content\"&gt;\r\n            &lt;div class=\"first-sub-content\"&gt;\r\n                {% for blog in blogs|slice:\":1\" %}\r\n                &lt;ul&gt;\r\n                    &lt;li&gt;\r\n                        &lt;a href=\"{% url 'blog-detail' blog.id %}\"&gt;\r\n                            &lt;img src=\"{{MEDIA_URL}}{{blog.photo}}\" style=\"width:100%;\"&gt;\r\n                        &lt;/a&gt;\r\n                    &lt;/li&gt;\r\n                    &lt;li&gt;\r\n                        &lt;h4&gt;&lt;a href=\"{% url 'blog-detail' blog.id %}\"&gt;{{blog.title}}&lt;/a&gt;&lt;/h4&gt;\r\n                    &lt;/li&gt;\r\n                    &lt;li class=\"grey\" style=\"font-size:14px;\"&gt;\r\n                        &lt;a&gt;{{blog.content|safe|truncatechars:200}}&lt;/a&gt;\r\n                    &lt;/li&gt;\r\n                &lt;/ul&gt;\r\n                {% endfor %}\r\n            &lt;/div&gt;\r\n\r\n            &lt;div class=\"first-sub-content\"&gt;\r\n                {% for blog in blogs|slice:\"1:5\" %}\r\n                &lt;table class=\"first-table\" border=\"0\"&gt;\r\n                    &lt;tr&gt; \r\n                        &lt;td style=\"width:35%;\"&gt;\r\n                            &lt;a href=\"{% url 'blog-detail' blog.id %}\"&gt;\r\n                                &lt;img src=\"{{MEDIA_URL}}{{blog.photo}}\" style=\"width:100%;height:100px;object-fit:cover;\"&gt;\r\n                            &lt;/a&gt;\r\n                        &lt;/td&gt;\r\n                        &lt;td style=\"padding-left:10px;\"&gt;\r\n                            &lt;p&gt;&lt;a href=\"{% url 'blog-detail' blog.id %}\"&gt;{{blog.title}}&lt;/a&gt;&lt;/p&gt;\r\n                            &lt;a&gt;{{blog.date}}&lt;/a&gt;\r\n                        &lt;/td&gt;   \r\n                    &lt;/tr&gt;\r\n                &lt;/table&gt;\r\n                {% endfor %}\r\n            &lt;/div&gt; \r\n\r\n        &lt;/div&gt;</code></pre>\r\n\r\n<p>&nbsp;</p>", "author": 1, "date": "2020-11-15T05:31:13Z", "photo": "pictures/stpaul_mosaic.png", "longitude": "139.772532600000000", "latitude": "35.673680600000000", "category": 3, "tag": [1], "relation": [1, 3, 4, 7]}}, {"model": "blogs.blog", "pk": 7, "fields": {"title": "５回目の投稿になります。", "content": "<p>Lorem ipsum dolor sit amet, consectetur adipiscing elit, sed do eiusmod tempor incididunt ut labore et dolore magna aliqua. Ut enim ad minim veniam, quis nostrud exercitation ullamco laboris nisi ut aliquip ex ea commodo consequat. Duis aute irure dolor in reprehenderit in voluptate velit esse cillum dolore eu fugiat nulla pariatur. Excepteur sint occaecat cupidatat non proident, sunt in culpa qui officia deserunt mollit anim id est laborum.</p>\r\n\r\n<pre>\r\n<code class=\"language-python\">from django.db import models\r\nfrom django.contrib.auth.models import User\r\nfrom django.utils import timezone\r\nfrom django.urls import reverse\r\nfrom ckeditor_uploader.fields import RichTextUploadingField\r\n# Create your models here.\r\n\r\nclass Category(models.Model):\r\n    name = models.CharField('カテゴリー', max_length=50)\r\n\r\n    def __str__(self):\r\n        return self.name\r\n\r\nclass Blog(models.Model):\r\n    title = models.CharField(max_length=200)\r\n    content = RichTextUploadingField()\r\n    author = models.ForeignKey(User, on_delete=models.CASCADE)\r\n    date = models.DateTimeField(default=timezone.now)\r\n    photo = models.ImageField(upload_to='pictures/', blank=True, null=True)\r\n    longitude = models.DecimalField(max_digits=20, decimal_places=15, blank=True, null=True)\r\n    latitude = models.DecimalField(max_digits=20, decimal_places=15, blank=True, null=True)\r\n\r\n    category = models.ForeignKey(\r\n                    Category, verbose_name= 'カテゴリー',\r\n                    on_delete=models.PROTECT\r\n            )\r\n\r\n#Admin画面で、titleを表記させるためのもの\r\n    def __str__(self): \r\n        return self.title\r\n\r\n#新規POST後に、どのURLに飛ばすか指定するためのもの\r\n    def get_absolute_url(self):\r\n        return reverse('blog-detail', kwargs={'pk':self.pk})</code></pre>\r\n\r\n<p>&nbsp;</p>", "author": 1, "date": "2020-11-15T05:31:52Z", "photo": "pictures/florence_mosaic.png", "longitude": "139.772532600000000", "latitude": "35.673680600000000", "category": 3, "tag": [1], "relation": [1, 3, 4, 6]}}, {"model": "blogs.blog", "pk": 8, "fields": {"title": "レジデンツ＠ミュンヘン", "content": "<p>ここは、ミュンヘンにある「レジデンツ」。ミュンヘンに観光に来たなら、ここは絶対に外せない観光スポットです。外観からは想像できない、内部のなんとも素晴らしい内装は、圧巻です。ドイツの南側はバイエルン地方ですが、このレジデンツはもともとバイエルン王国のヴィステルスバッハ王家の宮殿だったそうです。そして、この立派なホールが「Antiquarium」(アンティクヴァリウム)と言われる、最大の見所と言える場所でしょうか。 結構ツアーも長くて、ヨーロッパならではのゴージャス空間を思う存分堪能できます。自分が行った時は、特に混雑もなくスッと入れたので良かったですね。ちなみに行ったのは、９月中旬ごろです。</p>", "author": 1, "date": "2020-11-23T22:22:23Z", "photo": "pictures/97757183-EA99-420A-8D7D-390F2729D76C.jpeg", "longitude": "11.576947100000000", "latitude": "48.141057100000000", "category": 2, "tag": [4], "relation": [9, 10, 11, 12, 13, 18, 19]}}, {"model": "blogs.blog", "pk": 9, "fields": {"title": "The most beautiful McDonald's", "content": "<p>Here is a question. Where am I now ? At some sophisticated European restaurant ? No. A stylish Starbucks you may&nbsp;find somewhere in the world ? No. The answer is &ldquo;McDonald&rsquo;s&rdquo; in&nbsp;Budapest,&nbsp;a capital city of&nbsp;Hungary.&nbsp; Look very carefully in the photo, &nbsp;it is giving&nbsp;you hints&nbsp;that tell that&nbsp;this is no doubt&nbsp;MacDonald&rsquo;s, such as the signboard of &ldquo;MacCafe&rdquo; and menu&nbsp;signages&nbsp;that are quite familiar to us all. The atmosphere is totally different from the stereotype&nbsp;image that I&nbsp;had&nbsp;about&nbsp;McDonald&rsquo;s. I popped in the shop without knowing anything&nbsp;and totally blown away when I realized&nbsp;I was&nbsp;in McDonald&#39;s. Given the scale of surprise,&nbsp;I guess this finding is the highlight of my visit to&nbsp;Budapest. (there were a lot more&nbsp;other findings too but..)</p>\r\n\r\n<p><iframe frameborder=\"0\" height=\"450\" src=\"https://www.google.com/maps/embed?pb=!1m14!1m8!1m3!1d10781.459199914272!2d19.0459196!3d47.5022864!3m2!1i1024!2i768!4f13.1!3m3!1m2!1s0x0%3A0xb8b6110168f81a47!2sMcDonald's!5e0!3m2!1sja!2sjp!4v1607237217169!5m2!1sja!2sjp\" style=\"border:0;\" width=\"100%\"></iframe></p>", "author": 1, "date": "2020-11-23T22:25:31Z", "photo": "pictures/9CA8E71E-D9FD-47BA-B314-06B194092C2E.jpeg", "longitude": "18.920178200000000", "latitude": "47.491668000000000", "category": 2, "tag": [8], "relation": [8, 10, 11, 12, 13, 19]}}, {"model": "blogs.blog", "pk": 10, "fields": {"title": "ポルト、という世界遺産の街", "content": "<p>なんとも素晴らしい世界遺産の街の景色。 写真は、ポルトガルのポルト。ポルトワインで有名なポルトです。何を隠そう、ここはTaylor&#39;s という有名なポルトワインの蒸留所から撮影中。街全体を見渡せる素晴らしいスポットなのです。お酒を飲まなくともここに来るだけで十分価値ありな場所ですね。 そして、ポルトワインはもちろん絶品。 そして、街全体の雰囲気も素晴らしいです。世界遺産と言われるだけあります。 こういう景色があるのがヨーロッパの素敵なところですね。ヨーロッパ各地を回っていますが、これは自分の中でもかなりお気に入りのスポットかもしれません。 そして、ポルトガルで有名なのが、「アズレージョ」と言われる青色の美しいタイルですね。街の所々で見られる、壁一面のアズレージョは見応えがあります。</p>", "author": 1, "date": "2020-11-23T22:27:54Z", "photo": "pictures/3315C48F-CE1F-4D02-9F83-0BD6E95C05C6.jpeg", "longitude": "-8.616765500000000", "latitude": "41.138794100000000", "category": 2, "tag": [5], "relation": [8, 9, 11, 12, 13, 18, 19]}}, {"model": "blogs.blog", "pk": 11, "fields": {"title": "ベルリン、クリスマスマーケット", "content": "<p>ここは、ベルリンにあるジャンダルメンマルクト。（英語ではジェントルマンマーケット）クリスマスは過ぎていましたが、まだクリスマスマーケットはやっておりました。まぁなんとも素敵で、本当は何枚も載せたい写真がありますが、きりがないです笑。 寒い中に、こんなに可愛らしくて暖かい空間があるということが素晴らしい！寒い国だからこそ、こうやって工夫をして暖かい空間を作っているのでしょう。  基本的に、ヨーロッパのクリスマスは子供向けなのではないかと思うくらい、グッズが全て可愛らしすぎます。 人間の創意工夫って素晴らしいなと。クリスマスマーケットは、街のどこよりも多くの人が集まっていて、賑わいがあって、ホットワインを片手に皆楽しそうでした。  やっぱり人間って、人種に限らずこういう賑わいと活気があって温もりのある空間が好きなんだなぁというのを改めて実感。人間っていいですね。</p>", "author": 1, "date": "2020-11-23T22:29:46Z", "photo": "pictures/5FD99F12-D202-4A4D-80CA-4FCECFDCD9D0.jpeg", "longitude": "13.398566600000000", "latitude": "52.519137900000000", "category": 2, "tag": [4], "relation": [8, 9, 10, 11, 12, 13, 18, 19]}}, {"model": "blogs.blog", "pk": 12, "fields": {"title": "ミランのガッレリア", "content": "<p>ここはミランの中心部、ドゥオーモがあるヴィットーリオ・エマヌエーレ2世のガッレリア。 ガッレリアはイタリア語なのでしょうか？英語ではアーケード、フランス語ではギャルリーですし。似たような表現で、微妙に各国違うのがヨーロッパらしいですね。 ここは、多くの観光客で賑わっていますね。私もそれに漏れず写真をパシャパシャ撮っておりました。 ロンドンやパリ、あるいはブリュッセルなんかにも立派で美しいアーケードはありますが、アーケードとしての大きさや立派さはここがヨーロッパ最大ではないでしょうか？ ベタな観光スポットですが、やっぱり有名なだけあってきてよかったです。勝手に一人感動しておりました、はい。 そして、その横にある「ミラノ大聖堂」！！毎回ヨーロッパの教会や大聖堂を見て思うのですが、建物というよりもはや彫刻ですよね。 そして、イタリアといえば「Eataly」ですよね！（個人的意見）。最近、東京駅の地下にもさりげに新しく店舗が開業しましたが、イタリアのEatalyは規模が違う！建物丸ごとEatalyで雰囲気も最高に素敵です。カフェやレストランも入っていて、何時間でもブラブラ出来ますね。</p>\r\n\r\n<p>&nbsp;</p>\r\n\r\n<pre>\r\n<code class=\"language-python\">class Category(models.Model):\r\n    name = models.CharField('カテゴリー', max_length=50)\r\n\r\n    def __str__(self):\r\n        return self.name\r\n\r\nclass Blog(models.Model):\r\n    title = models.CharField(max_length=200)\r\n    content = RichTextUploadingField()\r\n    author = models.ForeignKey(User, on_delete=models.CASCADE)\r\n    date = models.DateTimeField(default=timezone.now)\r\n    photo = models.ImageField(upload_to='pictures/', blank=True, null=True)\r\n\r\n    category = models.ForeignKey(\r\n                    Category, verbose_name= 'カテゴリー',\r\n                    on_delete=models.PROTECT\r\n            )\r\n\r\n#Admin画面で、titleを表記させるためのもの\r\n    def __str__(self): \r\n        return self.title\r\n\r\n#新規POST後に、どのURLに飛ばすか指定するためのもの\r\n    def get_absolute_url(self):\r\n        return reverse('blog-detail', kwargs={'pk':self.pk})</code></pre>\r\n\r\n<p>&nbsp;</p>", "author": 1, "date": "2020-11-23T22:32:14Z", "photo": "pictures/0D510BE0-111A-42E9-A794-2AE88DB7EAEF.jpeg", "longitude": "9.137733000000000", "latitude": "45.468310700000000", "category": 2, "tag": [3], "relation": [8, 9, 10, 11, 13, 18, 19]}}, {"model": "blogs.blog", "pk": 13, "fields": {"title": "クリスマス@ロンドン", "content": "<p>ロンドンのRegent Street。日本で言えば、銀座の中央通りというところでしょうか。毎年ライトアップのデザインが違うのですが、去年は素敵でしたね。エライ地味な年もあれば、ゴージャスでファビュラス！な年もありと。<br />\r\nやっぱり、この石造りの建築がズラーッと並んでいるのが絵になりますね。それがライトアップでぼんやり浮かび上がるような感じが何とも言えず。 毎年見る光景でしたが、ウットリですね。</p>\r\n\r\n<p><img alt=\"\" src=\"/media/uploads/2020/11/28/fd081fb8-98bd-4e01-b634-626ffce612b6.jpeg\" style=\"width:100%\" /></p>\r\n\r\n<p><br />\r\nボンドストリートも派手なクジャク風シルエット？のライティングでした。</p>\r\n\r\n<p><img alt=\"\" src=\"/media/uploads/2020/11/28/eb00768c-63b8-47fd-a438-1821ac93598f.jpeg\" style=\"width:100%\" /></p>\r\n\r\n<p><br />\r\n東京にいると景色とか景観見て感動することはなかなか無いですからね。</p>\r\n\r\n<p>&nbsp;</p>\r\n\r\n<p>&nbsp;</p>", "author": 1, "date": "2020-11-28T06:45:59Z", "photo": "pictures/72415414-3434-4170-AFD3-84CFB5EB4F03.jpeg", "longitude": "-0.143313100000000", "latitude": "51.508365200000000", "category": 2, "tag": [2, 3], "relation": [8, 9, 10, 11, 12, 18, 19]}}, {"model": "blogs.blog", "pk": 14, "fields": {"title": "Bills 銀座", "content": "<p>Lorem ipsum dolor sit amet, consectetur adipiscing elit, sed do eiusmod tempor incididunt ut labore et dolore magna aliqua. Ut enim ad minim veniam, quis nostrud exercitation ullamco laboris nisi ut aliquip ex ea commodo consequat. Duis aute irure dolor in reprehenderit in voluptate velit esse cillum dolore eu fugiat nulla pariatur. Excepteur sint occaecat cupidatat non proident, sunt in culpa qui officia deserunt mollit anim id est laborum.</p>\r\n\r\n<p><img alt=\"\" src=\"/media/uploads/2020/12/05/04818c47-99e4-465a-9c7f-21ce4748fd4c_1_105_c.jpeg\" style=\"width:50%\" /><img alt=\"\" src=\"/media/uploads/2020/12/05/24d89295-9f7a-42c6-860d-b419bc792273_1_105_c.jpeg\" style=\"width:50%\" /></p>\r\n\r\n<p>&nbsp;</p>", "author": 1, "date": "2020-12-05T07:51:29Z", "photo": "pictures/F253C22E-31EA-45AE-BA4F-C5E387B197BE_1_105_c.jpeg", "longitude": "139.766617299425230", "latitude": "35.673490170664780", "category": 1, "tag": [7], "relation": [17]}}, {"model": "blogs.blog", "pk": 16, "fields": {"title": "まんてん鮨", "content": "<p>Lorem ipsum dolor sit amet, consectetur adipiscing elit, sed do eiusmod tempor incididunt ut labore et dolore magna aliqua. Ut enim ad minim veniam, quis nostrud exercitation ullamco laboris nisi ut aliquip ex ea commodo consequat. Duis aute irure dolor in reprehenderit in voluptate velit esse cillum dolore eu fugiat nulla pariatur. Excepteur sint occaecat cupidatat non proident, sunt in culpa qui officia deserunt mollit anim id est laborum.</p>\r\n\r\n<p><img alt=\"\" src=\"/media/uploads/2020/12/05/img_0098.jpg\" style=\"width:50%\" /><img alt=\"\" src=\"/media/uploads/2020/12/05/img_0099.jpg\" style=\"width:50%\" /></p>\r\n\r\n<p><img alt=\"\" src=\"/media/uploads/2020/12/05/img_0100.jpg\" style=\"width:50%\" /><img alt=\"\" src=\"/media/uploads/2020/12/05/img_0103.jpg\" style=\"width:50%\" /></p>\r\n\r\n<p>&nbsp;</p>", "author": 1, "date": "2020-12-05T08:02:39Z", "photo": "pictures/IMG_0131.jpg", "longitude": "139.774634360000000", "latitude": "35.687534710000000", "category": 1, "tag": [6], "relation": []}}, {"model": "blogs.blog", "pk": 17, "fields": {"title": "Apollo 銀座", "content": "<p>Lorem ipsum dolor sit amet, consectetur adipiscing elit, sed do eiusmod tempor incididunt ut labore et dolore magna aliqua. Ut enim ad minim veniam, quis nostrud exercitation ullamco laboris nisi ut aliquip ex ea commodo consequat. Duis aute irure dolor in reprehenderit in voluptate velit esse cillum dolore eu fugiat nulla pariatur. Excepteur sint occaecat cupidatat non proident, sunt in culpa qui officia deserunt mollit anim id est laborum.</p>\r\n\r\n<p>Lorem ipsum dolor sit amet, consectetur adipiscing elit, sed do eiusmod tempor incididunt ut labore et dolore magna aliqua. Ut enim ad minim veniam, quis nostrud exercitation ullamco laboris nisi ut aliquip ex ea commodo consequat. Duis aute irure dolor in reprehenderit in voluptate velit esse cillum dolore eu fugiat nulla pariatur. Excepteur sint occaecat cupidatat non proident, sunt in culpa qui officia deserunt mollit anim id est laborum.</p>\r\n\r\n<p><img alt=\"\" src=\"/media/uploads/2020/12/05/34f20f57-7427-4c8f-ab57-0b394ff64773_1_105_c_EhhkmSz.jpeg\" style=\"width:50%\" /><img alt=\"\" src=\"/media/uploads/2020/12/05/7202c7b7-4b94-4f4d-817c-abb22495e99e_1_105_c.jpeg\" style=\"width:50%\" /></p>", "author": 1, "date": "2020-12-05T08:13:49Z", "photo": "pictures/4D836090-7942-4225-A43D-7D86777CE56E_1_105_c_1bvK5I3.jpeg", "longitude": "139.762961239666850", "latitude": "35.674774943846820", "category": 1, "tag": [7], "relation": [14]}}, {"model": "blogs.blog", "pk": 18, "fields": {"title": "モーツァルトの街、ザルツブルグ", "content": "<p>ここはザルツブルグ。ザルツブルグ城のてっぺんから見下ろした景色を写真でパシャリ。天気があまり良くなかったのが残念（T0T）。ザルツブルグはコンパクトな街で、どこか高尚な雰囲気が漂う可愛らしい街で、やはりオーストリアらしいという印象を受けました。頂上に城を構える城下町のような街の雰囲気が素敵で、城下町好きの自分的にはザルツブルグは間違いなく好きな街ランキング上位に食い込む感じです。何を隠そうSound of Musicの舞台でもあるので、その聖地巡りツアーがあったり、モーツァルトの生家があったり、夏は特に音楽祭一色。実は城の後ろが豊かな自然に囲まれたハイキングコースになっており、表の街の様子とは打って変わった表情にエラく感銘を受けてしまいました。個人的には、音楽よりもハイキングに時間を使っちゃいました。。。</p>\r\n\r\n<p>小さな城下町といったところでしょうか。ここは、Mirabell Gardnからの眺めです。小さな城下町といったところでしょうか。ここは、Mirabell Gardnからの眺めです。城下町は好きなので、個人的にはまた行きたい街になりました！次は、音楽祭の時期を狙いたいですね。</p>\r\n\r\n<p><img alt=\"\" src=\"/media/uploads/2020/12/08/67d4da76-8c45-44e4-bcd3-f17897c44942.jpeg\" style=\"width:100%\" /></p>\r\n\r\n<p><img alt=\"\" src=\"/media/uploads/2020/12/08/5c9363da-ae89-4b26-9cdd-6119aeeb3832.jpeg\" style=\"width:100%\" /></p>\r\n\r\n<p>&nbsp;</p>\r\n\r\n<p>&nbsp;</p>", "author": 1, "date": "2020-12-07T22:21:56Z", "photo": "pictures/BC5D8513-17EB-4B33-B7DB-3E52D170F2FE.jpeg", "longitude": "13.047630514710013", "latitude": "47.795754782019630", "category": 2, "tag": [2, 9], "relation": [8, 10, 11, 12, 13, 19]}}, {"model": "blogs.blog", "pk": 19, "fields": {"title": "おとぎの国の街、プラハ", "content": "<p>ここは、チェコのプラハ。広場にある塔から見下ろした街並みです。赤屋根の中世の街並みが本当にノスタルジックで可愛らしいのです。限りなくディズニーランド的、というのがプラハの魅力でしょうか。なんというか、この美しい街並みは一体どういう歴史をたどると形成されるのか、そして日本はどうしてこうならないのか、という無駄な問いかけをせずにはいられません。プラハも本当に街の中心部だけがこのような美しい街並みだとは思いますが、それでも世界中からこれだけ人を集められるというのは、すごいことだと思います。街並みの美しさにため息の出る街でした。</p>\r\n\r\n<p><img alt=\"\" src=\"/media/uploads/2020/12/11/8ee4826f-c0b5-4714-b42c-22af1eaa8522.jpeg\" style=\"width:50%\" /><img alt=\"\" src=\"/media/uploads/2020/12/11/e52d6a20-6038-4a18-9903-edb4f918b11c.jpeg\" style=\"width:50%\" /></p>\r\n\r\n<p><img alt=\"\" src=\"/media/uploads/2020/12/11/04aab4f7-5c4d-44bb-bbb6-6a090b6a2ccd.jpeg\" style=\"width:50%\" /><img alt=\"\" src=\"/media/uploads/2020/12/11/ccc36e8e-86e4-420c-9028-73378ff10dc5.jpeg\" style=\"width:50%\" /></p>\r\n\r\n<p><iframe frameborder=\"0\" height=\"450\" src=\"https://www.google.com/maps/embed?pb=!1m18!1m12!1m3!1d20479.781912622195!2d14.396578184676992!3d50.086797261447465!2m3!1f0!2f0!3f0!3m2!1i1024!2i768!4f13.1!3m3!1m2!1s0x470b951e6c24b7c3%3A0x2acf3c88af12259f!2z44OX44Op44OP5Z-O!5e0!3m2!1sja!2sjp!4v1607641694838!5m2!1sja!2sjp\" style=\"border:0;\" width=\"100%\"></iframe></p>\r\n\r\n<p style=\"text-align:center\"><iframe frameborder=\"0\" height=\"315\" src=\"https://www.youtube.com/embed/6H_1CW69Fzo\" width=\"560\"></iframe></p>", "author": 1, "date": "2020-12-10T22:39:54.450Z", "photo": "pictures/E23CFA57-A2DA-4828-8454-5B40B7050361.jpeg", "longitude": "14.420449507304834", "latitude": "50.087839672272686", "category": 2, "tag": [10], "relation": [8, 9, 10, 11, 12, 13, 18]}}, {"model": "citymaps.completion", "pk": 2, "fields": {"name": "2019年"}}, {"model": "citymaps.completion", "pk": 3, "fields": {"name": "2018年"}}, {"model": "citymaps.completion", "pk": 4, "fields": {"name": "2020年"}}, {"model": "citymaps.completion", "pk": 5, "fields": {"name": "2021年"}}, {"model": "citymaps.completion", "pk": 6, "fields": {"name": "2022年"}}, {"model": "citymaps.completion", "pk": 7, "fields": {"name": "2023年"}}, {"model": "citymaps.completion", "pk": 8, "fields": {"name": "2024年"}}, {"model": "citymaps.tag", "pk": 1, "fields": {"name": "大規模再開発"}}, {"model": "citymaps.tag", "pk": 2, "fields": {"name": "商業施設"}}, {"model": "citymaps.city", "pk": 1, "fields": {"title": "渋谷スクランブルスクエア", "content": "<p>投稿できているかな。。</p>", "owner": "東急電鉄", "completion": 2, "use": "オフィス・商業施設", "area": "100,000平米", "floor": "40階", "image": "https://article-image-ix.nikkei.com/https%3A%2F%2Fimgix-proxy.n8s.jp%2FDSXMZO4358000010042019L83001-1.jpg?w=680&h=384&auto=format%2Ccompress&ch=Width%2CDPR&q=100&fit=crop&ixlib=js-1.4.1&s=506431aba6ee9e1a5f48716c75f89e8d", "url": "https://www.shibuya-scramble-square.com", "source": "日経新聞", "author": 1, "date": "2020-12-16T22:41:38Z", "photo": "pictures/260826_C150702-05_RPy14lU.jpg", "longitude": "139.702200784185100", "latitude": "35.658603025064394", "tag": [1]}}, {"model": "citymaps.city", "pk": 2, "fields": {"title": "WITH 原宿", "content": "<p>WITH原宿ですね。</p>", "owner": "NTT都市開発", "completion": 2, "use": "商業施設・賃貸住宅", "area": "約 26,600㎡", "floor": "10階", "image": "https://shutten-watch.com/wp-content/uploads/2018/11/harajukuproject.jpg", "url": "https://withharajuku.jp", "source": "出店Watch", "author": 1, "date": "2020-12-16T22:59:51Z", "photo": "pictures/7b4eb4f0f1a0afc73ef2034943f48b8c.jpg", "longitude": "139.703530462908800", "latitude": "35.670757230338886", "tag": [2]}}, {"model": "citymaps.city", "pk": 4, "fields": {"title": "東京ミッドタウン日比谷", "content": "<p>2018年3日29日に東京・日比谷の日比谷シャンテ前にオープンした商業施設東京ミッドタウン日比谷（TOKYO MIDTOWN HIBIYA）。日比谷地区のショッピング＆食事スポットとして、お仕事帰りや休日のデートスポットとして、多くの人を集めています。日比谷ステップ広場、パークビューガーデンなど、抜け感のある場所が多く、圧迫感のない余裕を感じられる商業施設のため、快適な時間を過ごすことができます。Precious.jpでは、この東京ミッドタウン日比谷の利用方法を「40代・50代の男女が利用するとしたら目線」で徹底取材。アクセスから、フロアごとの魅力までを、かいつまんでまとめています。</p>", "owner": "三井不動産", "completion": 2, "use": "複合施設（低層階：商業店舗、文化交流施設、映画館、高層階：オフィス）", "area": "約 189,000㎡", "floor": "35階", "image": "https://image-loconavi-note.tokubai.co.jp/c/w=1400,f=jpg/faa6/8018/d402/7264/8ce2/733f/f799/9f6a/db27b987014087be.jpg", "url": "https://www.hibiya.tokyo-midtown.com/jp/", "source": "ロコナビnote", "author": 1, "date": "2020-12-17T22:49:27.878Z", "photo": "pictures/a3964d77949435cafe24922a121d06_WnVwrIo.jpg", "longitude": "139.759525249417200", "latitude": "35.673797360666190", "tag": [1]}}, {"model": "citymaps.city", "pk": 5, "fields": {"title": "オークラプレステージタワー", "content": "<p>オークラのオフィスタワーがしれっと竣工しています。虎ノ門ヒルズとも目と鼻の距離で、おそらく最寄り駅は神谷町（日比谷線）でしょうか。オークラのホテルには一度で良いので泊まってみたいものです。和な感じがマジで素敵です。</p>\r\n\r\n<p><img alt=\"\" src=\"/media/uploads/2020/12/20/content_as20190906003075_comm.jpg\" style=\"width:100%\" /></p>\r\n\r\n<p><img alt=\"\" src=\"/media/uploads/2020/12/20/content_as20190906003081_comm.jpg\" style=\"width:100%\" /></p>\r\n\r\n<p><img alt=\"\" src=\"/media/uploads/2020/12/20/content_unnamed.jpg\" style=\"width:100%\" /></p>", "owner": "日鉄興和不動産", "completion": 2, "use": "ホテル、オフィス、店舗、駐車場", "area": "約 64,000㎡", "floor": "41階", "image": "https://www.fashion-headline.com/images/upload/2018/07/5f435c940025002c41e50fefbba265a6.jpg", "url": "https://office.nskre.co.jp/search/area/01/okura/", "source": "Fashion Headline", "author": 1, "date": "2020-12-20T04:04:18.085Z", "photo": "pictures/c325339d90842c81c45b78aaf6fd6e1416adc3e6.png", "longitude": "139.744257291744730", "latitude": "35.667055845442150", "tag": [1]}}, {"model": "account.account", "pk": 1, "fields": {"name": "woodvillage0609", "content": "<p>1986年生まれ。日系の不動産デベロッパー勤務後、現在は転職して某独立行政法人にて勤務。</p>\r\n\r\n<p>高校生活を豪州シドニーで過ごし、大学卒業後、不動産デベロッパーに就職。子供の頃から街や建物に興味があり、日系不動産デベロッパーに入社。国内での３年間の営業経験を経て、入社2013年6月からイギリスのロンドンに駐在。3年半の海外駐在を経て、2016年10 月より東京本社に帰国。IR担当として業務に従事後、某独立行政法人に転職。現在に至る。</p>", "author": 1, "date": "2020-12-20T04:41:00Z", "photo": "pictures/B9000EF1-6F87-4E93-94B3-9D66EB476D48_1_105_c.jpeg"}}]